image,mode,mask_frac,n_cc,mask_path,overlay_path
/workspaces/skin-app/data/seg_qc_30/0000_levle2_37.jpg,facemask_constrained,0.036347389221191406,60,/workspaces/skin-app/data/segmentation/qc_v3_facemask_constrained/masks/0000_levle2_37_mask.png,/workspaces/skin-app/data/segmentation/qc_v3_facemask_constrained/overlays/0000_levle2_37_overlay.jpg
/workspaces/skin-app/data/seg_qc_30/0001_levle0_70.jpg,facemask_constrained,0.009865760803222656,17,/workspaces/skin-app/data/segmentation/qc_v3_facemask_constrained/masks/0001_levle0_70_mask.png,/workspaces/skin-app/data/segmentation/qc_v3_facemask_constrained/overlays/0001_levle0_70_overlay.jpg
/workspaces/skin-app/data/seg_qc_30/0002_levle0_198.jpg,facemask_constrained,0.059470176696777344,88,/workspaces/skin-app/data/segmentation/qc_v3_facemask_constrained/masks/0002_levle0_198_mask.png,/workspaces/skin-app/data/segmentation/qc_v3_facemask_constrained/overlays/0002_levle0_198_overlay.jpg
/workspaces/skin-app/data/seg_qc_30/0003_acnemedium (039).jpg,no_face_mask,0.0,0,/workspaces/skin-app/data/segmentation/qc_v3_facemask_constrained/masks/0003_acnemedium (039)_mask.png,/workspaces/skin-app/data/segmentation/qc_v3_facemask_constrained/overlays/0003_acnemedium (039)_overlay.jpg
/workspaces/skin-app/data/seg_qc_30/0004_levle2_121.jpg,facemask_constrained,0.015771865844726562,50,/workspaces/skin-app/data/segmentation/qc_v3_facemask_constrained/masks/0004_levle2_121_mask.png,/workspaces/skin-app/data/segmentation/qc_v3_facemask_constrained/overlays/0004_levle2_121_overlay.jpg
/workspaces/skin-app/data/seg_qc_30/0005_levle1_580.jpg,facemask_constrained,0.04227638244628906,89,/workspaces/skin-app/data/segmentation/qc_v3_facemask_constrained/masks/0005_levle1_580_mask.png,/workspaces/skin-app/data/segmentation/qc_v3_facemask_constrained/overlays/0005_levle1_580_overlay.jpg
/workspaces/skin-app/data/seg_qc_30/0006_levle1_50.jpg,facemask_constrained,0.0439453125,41,/workspaces/skin-app/data/segmentation/qc_v3_facemask_constrained/masks/0006_levle1_50_mask.png,/workspaces/skin-app/data/segmentation/qc_v3_facemask_constrained/overlays/0006_levle1_50_overlay.jpg
/workspaces/skin-app/data/seg_qc_30/0007_levle1_182.jpg,facemask_constrained,0.01806354522705078,34,/workspaces/skin-app/data/segmentation/qc_v3_facemask_constrained/masks/0007_levle1_182_mask.png,/workspaces/skin-app/data/segmentation/qc_v3_facemask_constrained/overlays/0007_levle1_182_overlay.jpg
/workspaces/skin-app/data/seg_qc_30/0008_acnemedium (018).jpg,no_face_mask,0.0,0,/workspaces/skin-app/data/segmentation/qc_v3_facemask_constrained/masks/0008_acnemedium (018)_mask.png,/workspaces/skin-app/data/segmentation/qc_v3_facemask_constrained/overlays/0008_acnemedium (018)_overlay.jpg
/workspaces/skin-app/data/seg_qc_30/0009_levle0_511.jpg,facemask_constrained,0.008852958679199219,16,/workspaces/skin-app/data/segmentation/qc_v3_facemask_constrained/masks/0009_levle0_511_mask.png,/workspaces/skin-app/data/segmentation/qc_v3_facemask_constrained/overlays/0009_levle0_511_overlay.jpg
/workspaces/skin-app/data/seg_qc_30/0010_levle3_70.jpg,no_face_mask,0.0,0,/workspaces/skin-app/data/segmentation/qc_v3_facemask_constrained/masks/0010_levle3_70_mask.png,/workspaces/skin-app/data/segmentation/qc_v3_facemask_constrained/overlays/0010_levle3_70_overlay.jpg
/workspaces/skin-app/data/seg_qc_30/0011_acnemedium (035).jpg,facemask_constrained,0.01818084716796875,16,/workspaces/skin-app/data/segmentation/qc_v3_facemask_constrained/masks/0011_acnemedium (035)_mask.png,/workspaces/skin-app/data/segmentation/qc_v3_facemask_constrained/overlays/0011_acnemedium (035)_overlay.jpg
/workspaces/skin-app/data/seg_qc_30/0012_levle1_423.jpg,facemask_constrained,0.020185470581054688,50,/workspaces/skin-app/data/segmentation/qc_v3_facemask_constrained/masks/0012_levle1_423_mask.png,/workspaces/skin-app/data/segmentation/qc_v3_facemask_constrained/overlays/0012_levle1_423_overlay.jpg
/workspaces/skin-app/data/seg_qc_30/0013_levle0_448.jpg,facemask_constrained,0.0066776275634765625,20,/workspaces/skin-app/data/segmentation/qc_v3_facemask_constrained/masks/0013_levle0_448_mask.png,/workspaces/skin-app/data/segmentation/qc_v3_facemask_constrained/overlays/0013_levle0_448_overlay.jpg
/workspaces/skin-app/data/seg_qc_30/0014_levle1_593.jpg,facemask_constrained,0.028276443481445312,33,/workspaces/skin-app/data/segmentation/qc_v3_facemask_constrained/masks/0014_levle1_593_mask.png,/workspaces/skin-app/data/segmentation/qc_v3_facemask_constrained/overlays/0014_levle1_593_overlay.jpg
/workspaces/skin-app/data/seg_qc_30/0015_levle0_419.jpg,facemask_constrained,0.034310340881347656,84,/workspaces/skin-app/data/segmentation/qc_v3_facemask_constrained/masks/0015_levle0_419_mask.png,/workspaces/skin-app/data/segmentation/qc_v3_facemask_constrained/overlays/0015_levle0_419_overlay.jpg
/workspaces/skin-app/data/seg_qc_30/0016_levle0_228.jpg,facemask_constrained,0.04773712158203125,61,/workspaces/skin-app/data/segmentation/qc_v3_facemask_constrained/masks/0016_levle0_228_mask.png,/workspaces/skin-app/data/segmentation/qc_v3_facemask_constrained/overlays/0016_levle0_228_overlay.jpg
/workspaces/skin-app/data/seg_qc_30/0017_levle0_22.jpg,facemask_constrained,0.012288093566894531,35,/workspaces/skin-app/data/segmentation/qc_v3_facemask_constrained/masks/0017_levle0_22_mask.png,/workspaces/skin-app/data/segmentation/qc_v3_facemask_constrained/overlays/0017_levle0_22_overlay.jpg
/workspaces/skin-app/data/seg_qc_30/0018_levle0_474.jpg,facemask_constrained,0.010650634765625,47,/workspaces/skin-app/data/segmentation/qc_v3_facemask_constrained/masks/0018_levle0_474_mask.png,/workspaces/skin-app/data/segmentation/qc_v3_facemask_constrained/overlays/0018_levle0_474_overlay.jpg
/workspaces/skin-app/data/seg_qc_30/0019_levle1_482.jpg,facemask_constrained,0.028395652770996094,29,/workspaces/skin-app/data/segmentation/qc_v3_facemask_constrained/masks/0019_levle1_482_mask.png,/workspaces/skin-app/data/segmentation/qc_v3_facemask_constrained/overlays/0019_levle1_482_overlay.jpg
/workspaces/skin-app/data/seg_qc_30/0020_levle1_534.jpg,facemask_constrained,0.06566333770751953,128,/workspaces/skin-app/data/segmentation/qc_v3_facemask_constrained/masks/0020_levle1_534_mask.png,/workspaces/skin-app/data/segmentation/qc_v3_facemask_constrained/overlays/0020_levle1_534_overlay.jpg
/workspaces/skin-app/data/seg_qc_30/0021_levle1_274.jpg,facemask_constrained,0.02774810791015625,74,/workspaces/skin-app/data/segmentation/qc_v3_facemask_constrained/masks/0021_levle1_274_mask.png,/workspaces/skin-app/data/segmentation/qc_v3_facemask_constrained/overlays/0021_levle1_274_overlay.jpg
/workspaces/skin-app/data/seg_qc_30/0022_levle1_637.jpg,no_face_mask,0.0,0,/workspaces/skin-app/data/segmentation/qc_v3_facemask_constrained/masks/0022_levle1_637_mask.png,/workspaces/skin-app/data/segmentation/qc_v3_facemask_constrained/overlays/0022_levle1_637_overlay.jpg
/workspaces/skin-app/data/seg_qc_30/0023_levle0_206.jpg,no_face_mask,0.0,0,/workspaces/skin-app/data/segmentation/qc_v3_facemask_constrained/masks/0023_levle0_206_mask.png,/workspaces/skin-app/data/segmentation/qc_v3_facemask_constrained/overlays/0023_levle0_206_overlay.jpg
/workspaces/skin-app/data/seg_qc_30/0024_levle1_484.jpg,facemask_constrained,0.018497467041015625,33,/workspaces/skin-app/data/segmentation/qc_v3_facemask_constrained/masks/0024_levle1_484_mask.png,/workspaces/skin-app/data/segmentation/qc_v3_facemask_constrained/overlays/0024_levle1_484_overlay.jpg
/workspaces/skin-app/data/seg_qc_30/0025_levle1_407.jpg,facemask_constrained,0.010451316833496094,22,/workspaces/skin-app/data/segmentation/qc_v3_facemask_constrained/masks/0025_levle1_407_mask.png,/workspaces/skin-app/data/segmentation/qc_v3_facemask_constrained/overlays/0025_levle1_407_overlay.jpg
/workspaces/skin-app/data/seg_qc_30/0026_levle2_46.jpg,facemask_constrained,0.0011920928955078125,6,/workspaces/skin-app/data/segmentation/qc_v3_facemask_constrained/masks/0026_levle2_46_mask.png,/workspaces/skin-app/data/segmentation/qc_v3_facemask_constrained/overlays/0026_levle2_46_overlay.jpg
/workspaces/skin-app/data/seg_qc_30/0027_levle2_77.jpg,facemask_constrained,0.022461891174316406,74,/workspaces/skin-app/data/segmentation/qc_v3_facemask_constrained/masks/0027_levle2_77_mask.png,/workspaces/skin-app/data/segmentation/qc_v3_facemask_constrained/overlays/0027_levle2_77_overlay.jpg
/workspaces/skin-app/data/seg_qc_30/0028_levle1_37.jpg,facemask_constrained,0.050454139709472656,75,/workspaces/skin-app/data/segmentation/qc_v3_facemask_constrained/masks/0028_levle1_37_mask.png,/workspaces/skin-app/data/segmentation/qc_v3_facemask_constrained/overlays/0028_levle1_37_overlay.jpg
/workspaces/skin-app/data/seg_qc_30/0029_levle1_422.jpg,facemask_constrained,0.01642131805419922,63,/workspaces/skin-app/data/segmentation/qc_v3_facemask_constrained/masks/0029_levle1_422_mask.png,/workspaces/skin-app/data/segmentation/qc_v3_facemask_constrained/overlays/0029_levle1_422_overlay.jpg
